text,label,notes
Me to my wife after my 7-a-side matches.,reaction,
"my father always told me ""i wonder why we dont win the world cup more. just walk into any bar in the country and apparently everybody has already figured out the best strategy""",reaction,
"I like his actual quote a lot more: ""Many people actually don't understand anything about football. They watch it, but they don't see it."" A very Cruyff-like expression!",reaction,
When you hear Frenkie talk about football he’s 100% going to be a manager when he retires,hot_take,
"That is exactly what happened with Johann Cruyff. He talks formations for 4 minutes while the rest of the hosts want to cut to commercial. If you're into the NFL, there's a 10 minute video of Bill Belichick explaining the evolution of the long snapper to a reporter. The long snapper is the guy who holds the ball and snaps the ball back really far.",observation,
r/soccer catching strays,reaction,
"I mean... he has a point, we mostly discuss bad passes and missed goals because 99% of the subreddit wouldn't be able to read more tactical choices. I know I wouldn't at least.",analysis,
Just press triangle little bro,reaction,
"ffs man, wingers should just circle and R1 the hell outta games",reaction,
"If you're picking on frenkie out of all the Dutch players, you got your priorities very backwards",hot_take,
"This applies to many of these so called ""analysts"". Especially in my country of the Netherlands.",hot_take,
Frenkie knows people would've never kicked a ball in their lives will be the ones to hate.,hot_take,
He has been fantastic so far together with Gravenberch. Just because we don’t have a Sneijder type player anymore some of our pundits blame these two for not being creative enough.,analysis,
What's his passing like now? From my memory he was always pretty good at finding the right person but I haven't watched him in years. I have hope Mainoo would develop that side of his game a bit more.,observation,Borderline with reaction; labeled observation because the factual comparison is the main content.
"He does have a wide passing range but he doesn't spam long passes or through balls especially when he plays as a 6. He focuses more on retention, short passes and passing it into space for the other player to progress the ball",analysis,
"His movement is what makes him elite. Defenders always have an option to pass too and it means either a midfielder has to come up to cover off FdJ which opens gaps, or a striker is unable to press our cb’s. That’s why we’ve had quite a few instances of VvD / van Hecke being able to run up.",analysis,
The way you judge FDJ’s playing style can tell a lot about your ball knowledge This guy is insane,hot_take,
He’s right. And about 95% of these people write regularly on r/soccer,hot_take,
"De Jong actually plays a lot of progressive passes though. If someone actually thinks he’s not a good player, you should probably disregard their footballing input.",analysis,Borderline with hot_take; labeled analysis because progressive passing is cited as specific support.
I wonder if certain man on this forum will realise he's talking about them....,reaction,
He’s not wrong. Why would any professional footballer give any merit to the opinions of those who haven’t achieved a fraction of what they have in the sport.,hot_take,
I've been watching for 30 odd years and I'm more than happy to admit the game has gotten away from me from a tactical standpoint. Too much second-screen and/or pub viewing has dulled any of the analytical nous I ever had.,observation,
Stat watchers,reaction,
"He's right. I'll use Wirtz as an example and just to say I don't like Liverpool so this isn't a fan view. Wirtz has had a lot of stick this season because his goals and assists stats are low, people are obsessed with stats and measure performance on it, however I watch a lot of football, any team I can if its on TV and like to look at what players are doing and Wirtz will often make the pass before the assist or in the build up and its often a pass others aren't capable of making but without it they couldn't break through a team, he gets no assist or credit for the goal and people say he's bad but those people are totally missing his contribution to the goal. Carrick was often underrated at United for the same reasons as another example. Fans don't pay enough attention to the game, they see the goals and assists and base performance off that and not what players are actually doing. I often think too many fans aren't actual football fans because they are blinded by bias to their club, to their players, hatred against the rest and see stats as the only metric to judge players on, they aren't real football fans that actually watch and understand football.",analysis,
They got Frenkie fired up what news is he watching lol,reaction,
"He’s right, but I find it funny how his words could be manipulated to make him sound petty, like he's just saying, “people who don’t rate me don’t know ball.”",analysis,
Well that is pretty much what he's saying and he's right,hot_take,
"The average soccer fans understanding of modern tactics begins and ends with ""they need to run more"" and most of them struggle to even grasp basic rules (as highlighted by the discussions on this sub after every controversial ref call) It's always been this way I guess, it's just that in the last 20 years the game has professionalized to such an insane degree in every minor Detail it's basically impossible for a normal fan to keep up",analysis,
I can personally vouch for that,reaction,Context-dependent reply; retained as a reaction because it mainly expresses personal agreement.
"This should be pinned at the top of r/acmilan subreddit that I was browsing for a while. I've never seen so many coaches, Milanello insiders and sporting directors in one place.",reaction,
"It looks like I’m useless when I play 7 a side but you just don’t understand the game, you’re not paying attention enough.",reaction,
Excuse me sir I have played FIFA since 2005 I know my plays thank you,reaction,
"I always find it funny when fans complain how how awful their forwards, midfield or defense is and treat each as isolated groups where the rest of the team have no impact on things. Yesterday was a perfect example as Sweeden elected to play 2 forwards that suck at defending and then moaned the midfield struggled. It's like they couldn't realize that if your strikers don't press, then the midfield is simply overloaded and easy to play through. At the same time, playing 2 forwards allowed them to counter attack as it left players up the pitch ready to carry the ball forward rather than being too deep to get out of their own half.",analysis,
There’s a nice interview with him on the guardian. Said he wishes he got royalties from panenkas lmao,reaction,
You would have thought that the goalkeeper should have expected that.,hot_take,
Especially after he saved one from English star striker Chip Downthemiddle in the round before,reaction,
Such a funny coincidence that the name of the type of penalty had the same name as him.,reaction,
Yeah. It’s like: Why do meteorites always land in craters?,reaction,
You'd think the goalkeeper could've guessed how he'd shoot it.,reaction,
The only penalty shootout Germany has ever lost .,observation,
What a record,reaction,
Wonder what was he thinking before doing this.,reaction,
Something in czech probably,reaction,
>Guy is called Panenka > Scores a panenka Did Kojima write this?,reaction,
Easy to score a panenka against keeper John Divesearlyman.,reaction,
His parents were prophets,reaction,
There's an original joke I'm sure nobody's made up for grabs here,reaction,
"The reddit comedy squad is on the case, working from the ground up to find it while leaving no iteration unchecked.",reaction,
If you look at the signature on his Wiki page it actually looks like a Panenka penalty as well https://en.wikipedia.org/wiki/Antonín_Panenka,observation,
"Said on an interview with MARCA a few days ago that Maier didn't talk to him for 35 years, lol.",reaction,
"Another fun fact: The player who was the first to come up with the strategy of being irritable, disruptive and avoiding good sportsmanship was named Frederick Shithouse.",reaction,
Keeper clearly left his line. Where was VAR on this one. Retake,reaction,
Doesn’t apply if the penalty taker scores,observation,
"Man, those years Slovakia had so many great players .. really stronge generation that one From the starting 11, 8 players were Slovaks.. and some other ones went on the pitch as subbs Great times for Slovak and Czechoslovak football",observation,
"crazy coincidence he did that, living proof of nominative determinism",reaction,
Wonder how much difference it would have made to the history of pen if he'd missed that. It's very unlikely many would try it again.,analysis,
This is what Brahim Diaz was dreaming in that moment lol,reaction,
"Uli Hoeneß is super glad that that happened. If Panenka didn't score like that, we would call a miss with the ball almost leaving the stadium ""a Hoeneß"".",reaction,
Don't you mean brahimka?,reaction,
Imagine how it is to have your name forever instated into the history of football like this,reaction,
I wanna see a player bring back the 70s goal celebration of running with arms in the air like this,reaction,
"Damn, was not expecting this video to be so much better quality than some clips on YouTube from the early 2000s",reaction,
Imagine the balls to try that in a final!,reaction,
Mad man,reaction,
Tag brahim diaz,reaction,
"Really sold it well with that sprint towards the ball, faking it would be one hell of a thunderstrike. Modern tries get this wrong so often, anemic stagger walk towards the ball telegraphs to the GK that you're gonna try something tricky, and it's better for him to not dive early.",analysis,
His passing range is great as a defender,observation,
More like amazing considering his age aswell,reaction,
Easy to make fun of because of his mistakes but he's about the same age as Lamine. Pretty impressive,observation,Borderline with reaction; labeled observation because the age comparison carries the main meaning.
In a position that favours experience no less. Really young wingers are many (not on Yamal level but still) but you rarely see a teenager starting regularly at centerback,observation,
"First one who comes to mind at that club/country level (Barcelona / Spain) is Varane and that was ... 10 years ago, crazy",observation,
"I mean he is a starter at Barcelona and Spain. One of the best defenders in the world. Sometimes makes mistakes , because any one would mistakes with the way Barcelona plays",analysis,
"That’s one of the reasons this guy’s a starter in FCB since he was 17, even if not being the toughest/biggest or fastest CB.",analysis,
"Now he's got two back to back clean sheets with the National team at the world cup. He has been memed upon for some of errors he made at Barca, like the red cards against Monaco and Atletico in the CL, but he was 18 against Monaco and 19 against Atletico. The Monaco red wasn't even his fault, and the Atletico red comes with a high risk, high reward, suicidal high line that he is part of. Watching him consistently he is one of the best teenagers in the world with a high ceiling and potential to become one of Spain's greatest center backs",analysis,
People memeing on cubarsi are dumb the guys a great player,hot_take,
"It wasn’t against Monaco, you’re thinking of Benfica",observation,
"For anyone wondering, Chris Richards (USA) was 84/84 against Paraguay and 91/95 against Australia. So just four inaccurate passes.",observation,
It's nice but always need to note the context and type of pass. I'm saying this generally and have nothing against Cubarsi or Richards because I don't know the full context. 100% completion on easy sideways passes to someone that's unmarked isn't impressive. You want some progressive passes from centre backs that are not only accurate but allow the midfielder/attacker to receive and turn without being swarmed. Those inherently have more risk.,analysis,
"To be fair, Cubarsi played a pass that resulted in a one-on-one with the keeper, bypassing the entire midfield, Spain's attacker just couldn't finish it.",analysis,
He’s unfortunate that flick’s system doesn’t bring the best out of him. He’s got massive potential,hot_take,
It does. He just needs a better CB next to him. Barca struggled a lot this season to replace Martinez and Martin did an amazing job but cubarsi needs an experienced CB next to him. Cubarsis strength is his amazing passing foot but he's still a fantastic defender with some errors,analysis,
Could you explain? Rarely see him unfortunately.,observation,
His recovery and transitional defendinf requires a fair bit of work. But he's an excellent CCB profile who can defend the box and has amazing anticipation/interceptions and his primary strength is his ball playing,analysis,
"His distribution is off the charts, and he's 18? 19? Damn Barca really make them something else",reaction,
"Yamal's age, Bernal is also from the same generation. All three are amazing and will be the backbone of the squad for the next 15 years.",hot_take,
When you don't play High line of high line,observation,Very short and context-dependent; labeled observation because it refers to a tactical condition rather than expressing emotion.
The highline has never changed his passing ability,hot_take,
Like a young Pau Torres,observation,
"What Cuba is doing at 19, starting for Spain and leading the most demanding defensive system in Europe, is unheard of… yet he gets more criticism than any other defender because he makes a mistake once in a while (some out of his control, thx Kovács…).",analysis,
Great to see the young players inspired by Chris Richards.,reaction,
"These stats don’t mean anything. More interesting would be line breaking, forward, difficult passes.",hot_take,
Did you see his line breaking pass in the game to set up a 1 on 1?,observation,
That’s actually what he stands out for on top of the rest of his skills.,observation,
Against Cape Verde and Saudi Arabia? This is pointless glazing,hot_take,
I mean he’s always this good tbf,hot_take,
"Its not nessesarily impressive. If you do it better than 99% of the people who are the best in the world at it tho, it becomes impressive",analysis,
"You fail to see how impressive is it because you fail to understand the difficulty that pro players play in, you can do well with the de jong quote",hot_take,
Except your can see a good amount of his passes are forward. Much more so than most defenders,observation,
"he's literally in the 99th percentile of the most gifted and trained people and you go ""what's the big deal?"" LMAO",reaction,
"""To be honest, the level of the Bundesliga disappointed me a bit. Bayern Munich is, of course, in a world of its own, and Borussia Dortmund can somewhat keep up with its budget. Then there are surprises like Stuttgart, but the rest was disappointing to me. The teams in the bottom third of the table all play in the exact same way. When you analyze them, you get the feeling you are playing against the same opponent every week. When we look at the sums of money flowing in Germany – 20, 30, even 40 million euros – compared to the amounts in the Slovenian league, it's not a different world, not at all. That is the reality. So far, I've received a few calls, but my answer was ""No"" because I want to compete in Europe. So Champions League, if not Champions League, then Europa League, otherwise Conference League. If Celje were to play against Frankfurt, they could keep up. I'm not saying they would be better, but they could compete. The difference is smaller than it appears from the outside.""",analysis,
„Want to compete in Europe“ maybe he shouldn’t have fumbled Europe with Frankfurt then? lol this guy has been killing me,reaction,
"While he was in charge, I genuinely do believe Celje could have beaten us. So I guess he's right.",hot_take,
"4 wins out of 14 games, worst point average by an Eintracht coach since 2016 btw 😭",observation,
I think he is correct. Celje could really keep with Frankfurt coached by Riera,hot_take,
"If Celje were to play against Frankfurt, they could keep up. YOUR Frankfurt maybe",hot_take,
„You were ugly anyway“ Kind of Statement.,reaction,
He comes across as such a pretentious wanker,hot_take,
Why couldn't he figure out how to beat them if they all play the same?,hot_take,
His goals are beyond our understanding,reaction,
shitting on a team/league you couldn't make it in.,hot_take,
"So despite ""playing against the same opponent ever week“, you still couldn’t make it work? Sounds more like a negative about YOU than those teams. Also, of course there will be a general through-line with how the smaller teams are playing, just like in any league, really! This just comes off as very petulant, which to be fair is very in character for Riera….",analysis,
"If Celje were to play against Frankfurt, they could keep up. bit of a self-own here my man god he's so obnoxious and full of himself, holy shit",reaction,
Biggest clown I've ever witnessed coaching a Bundesliga team,hot_take,
Says the man who won just 4 out 14 Bundesliga games in charge of Frankfurt,observation,
What a sore loser who dunks on himself without noticing it,hot_take,
Impressive how he comes to this conclusion without noticing how much of a self own it is,hot_take,
Makes you wonder what he possibly said to be hired in the first place? Nobody was excited from the moment he was appointed. What a disaster of a manager.,hot_take,
"Yeah, no shit Celje would be able to keep up with that Frankfurt side that you actively ""helped"" to make worse week in and week out. Insufferable prick, this guy. During and after his stint, it appears.",hot_take,
Can't believe this guy didn't make any friends along the way.,reaction,
This clown insulted Stephen Bradley the Shamrock Rovers manager who had previously knocked him out of Europe and suggested the fact he was managing in Ireland for so long was proof he wasn’t that good of a manager despite the fact Bradley had turned down moves away because his son was battling cancer. He seems like an absolute cunt and I’m glad he’s getting the criticism he deserves.,analysis,
Man just cannot get over Frankfurt. Let it rest bro. Also how ridiculous is this statement anyways? Does he expect a bottomfeeder to play like prime Barca or what?,hot_take,
"Isn't in the article, but my favourite quote from the interview was when he said that there's no player at Frankfurt that he'd have use for at his next project.",observation,
Biggest clown i have ever seen in the Bundesliga.,hot_take,
Despite the horrendous teams Riera managed to get Frankfurt to average 1.2 ppg,observation,
Teams probably looked all the same to him because they figured out how to dismantle his tactics.,analysis,
"Makes you wish he'd stay longer at Frankfurt, he'd come up with a new bullshit take every week",hot_take,
"This guy will go nowhere as a coach, he's so fucking arrogant but has nothing to back it up.",hot_take,
Bold words for someone that drew st Pauli and barely beat Wolfsburg + Heidenheim Heck his Frankfurt side got outplayed by Wolfsburg and st pauli,analysis,
Temu-Mourinho,reaction,
I want Celje VS Frankfurt happening!,reaction,
"he's such an idiot, unbelievable.",hot_take,
nolo acerbam sumere obvious case of a fox pretending the grapes he couldn't reach were sour.,hot_take,
"The fucking hilarity of saying this, while actually performing like shit. Its literally only a self-inflicted wound lol. ""Yeah theyre all shit but they still beat me but yeah, theyre shit"". 0 self-reflection lol",analysis,
Sweden's matches alone produced 10 goals already,observation,
They must be really good!,hot_take,
They just made it 11,observation,
Turkey didn’t contribute in not one of them btw,observation,
We’re already dead bro…stop 😢,reaction,
brutal double negative,reaction,
so they did contribute?,observation,
Dark horses for a reason 😭,reaction,
Wait you’re tell me the dark horse didn’t even manage a goal?,reaction,
"And Turkey scored 0 out of the 100, but they did shoot 63 times ☹️",observation,
How many of the 63 were on goal?,observation,
It's the ball I'm telling you. Goalies seem so out of this this time around.,hot_take,
I agree. I tend to believe Joe Hart’s analysis that attackers seem to get more pace on their shots with the Trionda than the balls used by the leagues or in past World Cups.,analysis,
The pitches are having an impact on ball movement,hot_take,
game's back,reaction,
Seems logical given the expansion,observation,
Why? It’s still games played,observation,
In theory 12 weaker teams,observation,
Going to be a few more in this match as well,hot_take,
It’s already been over 30 matches this World Cup??,reaction,
2010 really was the most boring WC,hot_take,
In all fairness we got 14 goals between Qatar vs Canada and Germany vs Curaçao,observation,
"Everyone saying more bad teams got into the wc, i think having mexico, canada, and usa host and direct qualification to the wc, is what made this many bad teams. Curacao, haiti, and to lesser degree panama. 3 teams that in a normal wc (not hosted by north america) will be a miracle to see 1 of them, but now we got 3. Asia also produced some weaker teams, jordon, iraq, and qatar. Like if this was hosted by europe or south america we will have at least 2 less bad teams",analysis,
101 elanga banga,reaction,
Introducing some really weak teams in this format so natural that there should be a few thrashings. Run up the scores and hopefully back a smaller competition.,analysis,
What weak teams aside from Curaçao and Haiti?,observation,
I would love to see Argentina v Brazil in this world cup. 2 red cards to either side at least.,reaction,
we did our part in 2014 and 2022,observation,
"Actually you didn't in 2014. All you had to do was to lose against the Netherlands and we would have the greatest 3rd place match of all time. But no, you had to go to the final, booo",reaction,
One red card for Ancelotti and Scaloni for tackling each other,reaction,
The Super Clasico would be pure cinema,reaction,
"Given how it went last time we played, I would love to see them too!",reaction,
I'm still pissed we didn't get to see Brazil against Argentina in the 2022 semifinal because of Brazil throwing away the quarter final to Croatia,reaction,
if you heard the interview he was praising argentina but i'm sure people are going to twist this somehow,analysis,
"I’m Dutch. From time to time Argentinians still complain that LVG said in 2022 that Messi was washed, past it and that we would win because Messi was bad. What Van Gaal actually said? A Dutch reporter said that the Dutch would have no chance against Argentina. So LVG responded that everything was possible. Then the reporter said Messi didn’t defend well. LVG answered that Messi was the best player ever and probably still the best player right then (2022). Journalist went on that sometimes he doesn’t defend back, would that be an advantage to the Dutch? LVG basically answered that if Messi doesn’t defend when they’re out of possession, then the Dutch are playing against 10 man and that’s an advantage. Of course the Argentine press (and to be fair also media from all other countries including NL itself) cut out the part of the journo riling LVG up by saying they had no chance, cut off the part where the journo keeps saying Messi doesn’t track back and only keep the part where Van Gaal says “Messi doesn’t defend, we’re playing against 10 man”. Van Gaal quite literally said just before that that Messi is the GOAT. Of course this was all a big thing and used by the Argentines to get Messi in the right mood. LVG should have been smarter, he knows how the world works. But it tells you all you have to know how this interview will be “translated” in Argentina.",analysis,
Tbf messi probably didn't give van gaal the benefit of the doubt because he has literally said messi isn't a team player before lol.,reaction,
"Well, I hope Messi doesn't hear the full interview so we could get another Camera Wowo moment",hot_take,
‘The stars are not going to determine this World Cup’ said after pretty much all the main stars have scored 2+ goals in the first game,observation,Borderline with analysis; labeled hot_take because the statistic is used as a brief rebuttal rather than developed reasoning.
"1st game of the group stage does not ""determine"" the world cup...",hot_take,
"He knows that, as well. These are mostly prelim games. Never had them before. The real WC starts in a while.",analysis,
"People are going to try to say that Ancelotti said Argentina = shit, but that’s not what he meant. Argentina isn't a team that will overwhelm you with intense pressing or anything like that; they will overwhelm you with ball possession because of their excellent midfield. This has even been discussed here in Brazil, specifically, how Scaloni revitalized the Argentine national team while respecting the culture and tradition of their local football. The media sucks.",analysis,
That is definitely what Thomas Tuchel was talking about - PL pace. It seems counter-intuitive given the likely weather but it would obviously benefit England if they can pull it off (as per their second half vs. Croatia). 5 subs makes it easier. But it's the world cup. It is all about different styles from around the world coming together.,analysis,
"This tournament will be won by substitution, coaches who are brave to make the changes , Scaloni and tuchel are best at it . Look at spanish manager drawing with cape Verde and took 70 minutes to make a change . Ancelotti is bad with subs bcuz he doesn't ever take off big superstars but, right work with brazil as they only have one or two. Switzerland had all the subs involved in there last win.",analysis,
What gives me a bit more faith in Tuchel’s selections is that team selection =\= Talent ID Unlike some managers Tuchel can’t scout a player for shit if he hasn’t watched him train and had them at his disposal. But amongst players he’s coached he usually finds good solutions.,hot_take,
knockout stages are where the real WC starts.,reaction,
Knockout football can be won just by heritage and vibes. Argentina can suffer in the games and still win it,hot_take,
"Don Carlo understands well. Problem is Brazil is quite dependant at some stars, but he is the only Italian who is sensible in modern game.",reaction,
"Many matches have started with high intensity, but no team has been able to play the whole game that way, (or maybe Ghana and Panama in their match. Although I was almost asleep so might have looked more brisk than it was). And I think Argentina has bursts of high intensity too. Very much so.",analysis,
Neither does France and they're most likely reaching the final again. I just don't understand his point here. Teams just barely played their first match. This WC ain't any different than any other WC. There are always upsets. When you reach QF and onwards you'll see superstars make all the difference again.,hot_take,
"Play smarter, not harder. Also, this will be manipulated by the media and then used to fuel Messi.",observation,
Neither does Neymar,reaction,
he plays intense poker,reaction,
Carlo understood the assignment gahaha,observation,
And brazil does? Lol,reaction,
His face looks angry by default,reaction,
I mean he is Scottish,observation,
We sure are a contentious people.,observation,
Even in Scotland he's known for being dour faced (Scottish expression for people that always look miserable),analysis,
He has furrowed eyelids.,hot_take,
He's not wrong. Straight after the final whistle and they're asking if he's frustrated about losing 1-0 at the world cup. What do they think he's going to say lol,reaction,Borderline with reaction; labeled analysis because it explains why the immediate interview question was unlikely to produce a useful answer.
"The same thing he says in all his post match interviews, it's not his first rodeo. No need to be a dick to the interviewer.",hot_take,
I don’t even want to be around anymore,reaction,
"Even if its a bit awkward, it says a lot more about his opinions than a media trained answer. Theres a great quote from a player (dont wanna get the name wrong) after a loss and he said ""you had 90 minutes to think of a good question, and thats the best you came up with? "" Personally I dont think its that awkward. But please use some sunscreen, especially when youre bald(ing)",analysis,
"Not a big fan of him but he's worked wonders with that team but equally agree with him, catching him 30 seconds from the end of the game and asking him 100 questions is just pointless. Let the man regroup",analysis,
They attack managers with interviews straight after the final whistle in an attempt to rage bait them. It's easier to rage bait when the emotions are still raw.,analysis,
I said same thing about the England Coach’s reaction to having 50 cameras in his face. Those long lenses they’re rocking could pick out an eyelash at 10ft. There’s no reason to be that close except for the photographers being competitive with each other and ragebaiting the coach.,analysis,
"I’m Scottish, I fucking hate that Steve Clarke is our manager. Decent bloke though. Pragmatic beyond to a fault, absolute dinosaur football and management. A real microcosm of everything that’s wrong with Scottish football.",hot_take,Borderline with analysis; labeled hot_take because the criticism is broad and unsupported by specific examples.
